"sentence","mood"
"I love spending time with my friends.","Positive"
"The weather is terrible today.","Negative"
"This movie is amazing!","Positive"
"I feel so lonely.","Negative"
"The product didn't meet my expectations.","Negative"
"Today is a beautiful day.","Positive"
"This book is boring.","Negative"
"I'm indifferent about the new policy.","Neutral"
"The concert was fantastic.","Positive"
"I hate waiting in long lines.","Negative"
"The customer service was excellent.","Positive"
"The traffic is so frustrating.","Negative"
"The food was just okay.","Neutral"
"I'm excited about the upcoming event.","Positive"
"I'm not sure how I feel about this.","Neutral"
"The news is heartbreaking.","Negative"
"I don't have strong opinions about it.","Neutral"
"My favorite team won the game!","Positive"
"The project is challenging but interesting.","Neutral"
"I can't stand this noise.","Negative"
"This song always makes me happy.","Positive"
"The movie was disappointing.","Negative"
"I'm impressed with the new technology.","Positive"
"The meeting was unproductive.","Negative"
"The painting is beautiful.","Positive"
"I'm undecided on this issue.","Neutral"
"The show was entertaining.","Positive"
"I'm frustrated with the delays.","Negative"
"The beach is so peaceful.","Positive"
"I'm content with my current situation.","Positive"
"I aced the exam!","Positive"
"I can't believe I forgot my keys again.","Negative"
"The sunset is breathtaking.","Positive"
"I'm overwhelmed with work.","Negative"
"Meeting new people energizes me.","Positive"
"My favorite restaurant closed down.","Negative"
"The party was a blast!","Positive"
"This traffic jam is infuriating.","Negative"
"I found a surprise gift on my doorstep.","Positive"
"I'm indifferent to spicy food.","Neutral"
"The play was thought-provoking.","Positive"
"I'm exhausted after a long day.","Negative"
"The museum exhibit was fascinating.","Positive"
"I can't stand the smell of cigarettes.","Negative"
"I'm in a contemplative mood today.","Neutral"
"The coffee shop has a cozy atmosphere.","Positive"
"Receiving compliments always boosts my mood.","Positive"
"The hike was challenging but rewarding.","Positive"
"I'm annoyed by constant interruptions.","Negative"
"I'm ambivalent about the upcoming changes.","Neutral"
"The concert tickets were way too expensive.","Negative"
"Waking up early makes me feel productive.","Positive"
"I dislike public speaking.","Negative"
"I love the smell of fresh rain.","Positive"
"The documentary was eye-opening.","Positive"
"I feel indifferent about the latest fashion trends.","Neutral"
"The museum was disappointing; half the exhibits were closed.","Negative"
"The garden is so serene.","Positive"
"I'm frustrated with the lack of communication.","Negative"
"The new software is user-friendly.","Positive"
"I'm torn between two job offers.","Neutral"
"The traffic signals are synchronized making my commute smoother.","Positive"
"I'm irritated by constant background noise.","Negative"
"I'm thrilled to be going on vacation.","Positive"
"The novel is captivating from the first page.","Positive"
"I'm apathetic about the political situation.","Neutral"
"The carnival was a joyous experience.","Positive"
"I can't stand the taste of olives.","Negative"
"I'm content with the progress I've made.","Positive"
"Witnessing the sunrise brings me inner peace.","Positive"
"The internet connection is frustratingly slow.","Negative"
"Reuniting with old friends is heartwarming.","Positive"
"My favorite band announced their breakup.","Negative"
"Trying a new cuisine always excites my taste buds.","Positive"
"The unexpected rain ruined my outdoor plans.","Negative"
"Winning the lottery would be a dream come true!","Positive"
"I spilled coffee on my laptop; it's ruined.","Negative"
"Discovering a hidden gem in the city made my day.","Positive"
"I have mixed feelings about social media.","Neutral"
"The mountain hike was both challenging and exhilarating.","Positive"
"My car broke down in the middle of nowhere.","Negative"
"Watching a comedy show never fails to make me laugh.","Positive"
"I feel lonely in crowded places.","Negative"
"Achieving a personal goal fills me with pride.","Positive"
"The art gallery was underwhelming.","Negative"
"Learning a new language is both exciting and challenging.","Positive"
"My phone battery died and I'm lost without it.","Negative"
"Finding a parking spot right in front of the store is lucky.","Positive"
"I have no strong opinions about the latest fashion trends.","Neutral"
"The amusement park was a rollercoaster of emotions.","Positive"
"Waiting for important news is nerve-wracking.","Negative"
"Enjoying a quiet evening by the fireplace is cozy.","Positive"
"My flight got canceled and I'm stuck at the airport.","Negative"
"Finishing a good book is always satisfying.","Positive"
"The news about the natural disaster is devastating.","Negative"
"Attending a live concert gives me a sense of euphoria.","Positive"
"I'm indifferent about the latest technology gadgets.","Neutral"
"The traffic flow is surprisingly smooth today.","Positive"
"I'm frustrated with the constant interruptions at work.","Negative"
"sentence","mood"
"Adopting a pet brings immense joy into my life.","Positive"
"The new policy changes are confusing.","Negative"
"The beach at sunset is a tranquil paradise.","Positive"
"I feel content with the simple pleasures of life.","Positive"
"Losing my keys again is aggravating.","Negative"
"Exploring a new city fills me with curiosity.","Positive"
"I have no strong feelings about the current political climate.","Neutral"
"Finding a parking spot far from the venue is inconvenient.","Negative"
"A surprise visit from a friend brightened my day.","Positive"
"The movie plot was too predictable.","Negative"
"I'm excited about the upcoming family reunion.","Positive"
"I'm indifferent to the latest celebrity gossip.","Neutral"
"The roller coaster ride was thrilling.","Positive"
"Waiting for the test results is anxiety-inducing.","Negative"
"The rain ruined my outdoor picnic plans.","Negative"
"Winning an award is a moment of pure elation.","Positive"
"I dislike the taste of cilantro in my food.","Negative"
"The gardening project is both relaxing and rewarding.","Positive"
"I'm frustrated with the slow progress on my work assignment.","Negative"
"I feel indifferent about the choice of restaurant for dinner.","Neutral"
"Exploring a new hobby brings excitement into my life.","Positive"
"The constant rain is putting a damper on my mood.","Negative"
"Achieving work-life balance is a constant struggle.","Neutral"
"The unexpected kindness of a stranger warmed my heart.","Positive"
"My computer crashed and I lost important documents.","Negative"
"Enjoying a cup of hot cocoa on a chilly day is comforting.","Positive"
"The traffic jam made me late for an important meeting.","Negative"
"I'm fascinated by the mysteries of the universe.","Positive"
"Waiting for a delayed flight is frustrating.","Negative"
"The unexpected snowfall turned the city into a winter wonderland.","Positive"
"I'm indifferent about the latest fashion trends.","Neutral"
"Finding money in an old jacket was a pleasant surprise.","Positive"
"The constant noise in the city is overwhelming.","Negative"
"Successfully assembling furniture gave me a sense of accomplishment.","Positive"
"The loss of a cherished item left me feeling despondent.","Negative"
"Participating in a charity event brings a sense of fulfillment.","Positive"
"My team's victory in the championship made me ecstatic.","Positive"
"I can't stand the taste of black licorice.","Negative"
"The unexpected job promotion left me in shock.","Positive"
"I feel indifferent about attending social events.","Neutral"
"The calming sound of ocean waves is soothing.","Positive"
"Dealing with bureaucratic paperwork is exasperating.","Negative"
"I'm grateful for the support of my friends during tough times.","Positive"
"The unexpected sunshine improved my mood instantly.","Positive"
"I'm indifferent about the choice of music at the party.","Neutral"
"The intricate details of the artwork captivated my attention.","Positive"
"Losing my way in an unfamiliar city is disorienting.","Negative"
"Receiving constructive criticism helps me grow.","Positive"
"The persistent ringing of the phone is irritating.","Negative"
"A quiet evening with a good book is pure bliss.","Positive"
"I'm undecided on which movie to watch tonight.","Neutral"
"My commute was surprisingly smooth today.","Positive"
"The news of a friend's success fills me with pride.","Positive"
"I'm frustrated with the constant changes at work.","Negative"
"Sipping herbal tea before bed is relaxing.","Positive"
"The constant buzzing of notifications is annoying.","Negative"
"I'm indifferent to the latest technology trends.","Neutral"
"Discovering a new favorite song is exhilarating.","Positive"
"I'm uneasy about the uncertain future.","Negative"
"The unexpected reunion with an old friend was heartwarming.","Positive"
"I'm indifferent about attending social gatherings.","Neutral"
"The unexpected power outage disrupted my evening plans.","Negative"
"Achieving a fitness goal gives me a sense of accomplishment.","Positive"
"The continuous honking in traffic is infuriating.","Negative"
"I'm fascinated by the intricacies of human psychology.","Positive"
"The news of a close friend's illness is distressing.","Negative"
"Successfully solving a challenging puzzle is satisfying.","Positive"
"I'm indifferent to the latest celebrity gossip.","Neutral"
"The serene atmosphere of the library is calming.","Positive"
"My impromptu road trip turned into an adventure.","Positive"
"Planting flowers in my garden brings me joy.","Positive"
"Missing the bus on a rainy day is disheartening.","Negative"
"I'm neutral about attending large social gatherings.","Neutral"
"The unexpected compliment from a stranger made my day.","Positive"
"Losing my keys in the crowded mall is frustrating.","Negative"
"Completing a challenging puzzle is intellectually satisfying.","Positive"
"The chaotic city streets make me feel overwhelmed.","Negative"
"The smell of fresh bread baking is comforting.","Positive"
"I'm indifferent to the outcome of the sports game.","Neutral"
"The unexpected burst of laughter with friends is delightful.","Positive"
"My favorite TV show was canceled and I'm disappointed.","Negative"
"Trying a new adventurous activity is invigorating.","Positive"
"My plans got canceled leaving me feeling bored.","Negative"
"Receiving a handwritten letter brought nostalgic happiness.","Positive"
"I can't stand the taste of pickles in my sandwich.","Negative"
"Witnessing a beautiful sunset is awe-inspiring.","Positive"
"Dealing with technical glitches is aggravating.","Negative"
"I'm indifferent about the color of my bedroom walls.","Neutral"
"Successfully baking a cake is a source of pride.","Positive"
"The crowded elevator makes me feel claustrophobic.","Negative"
"I'm excited about the upcoming family reunion.","Positive"
"The news of a pet adoption warms my heart.","Positive"
"The unexpected cancellation of weekend plans is disappointing.","Negative"
"Completing a challenging workout leaves me energized.","Positive"
"I'm indifferent to the genre of music playing in the background.","Neutral"
"The unexpected arrival of a package brightened my day.","Positive"
"Dealing with a malfunctioning computer is exasperating.","Negative"
"The smell of rain on a warm pavement is nostalgic.","Positive"
"I feel indifferent about the latest smartphone features.","Neutral"
"A spontaneous road trip with friends is exhilarating.","Positive"
"The constant construction noise outside my window is irritating.","Negative"
"I'm neutral about attending a networking event.","Neutral"
"Discovering a new favorite book is a pleasant surprise.","Positive"
"The unexpected power outage disrupted my evening plans.","Negative"
"I'm indifferent about the choice of restaurant for dinner.","Neutral"
"Successfully assembling furniture is a relief.","Positive"
"The news of a natural disaster is distressing.","Negative"
"I feel indifferent about the current fashion trends.","Neutral"
"The unexpected kindness of a stranger is heartwarming.","Positive"
"My favorite team losing the game is disappointing.","Negative"
"The serene beauty of a mountain landscape is calming.","Positive"
"Dealing with a malfunctioning printer is frustrating.","Negative"
"I'm indifferent to the outcome of a reality TV show.","Neutral"
"Successfully solving a complex problem is satisfying.","Positive"
"I dislike the taste of raw tomatoes in my salad.","Negative"
"The unexpected discovery of a hidden gem restaurant is exciting.","Positive"
"I'm neutral about the latest smartphone release.","Neutral"
"A surprise visit from family is a delightful moment.","Positive"
"The persistent noise from construction work is annoying.","Negative"
"I'm indifferent about attending a political debate.","Neutral"
"A peaceful day at the beach is rejuvenating.","Positive"
"Losing track of time in a captivating book is enjoyable.","Positive"
"The unexpected cancellation of weekend plans is frustrating.","Negative"
"Successfully navigating through a busy airport is a relief.","Positive"
"I'm indifferent to the taste of coconut in desserts.","Neutral"
"The smell of fresh rain on dry soil is invigorating.","Positive"
"I'm neutral about attending a business conference.","Neutral"
"Completing a challenging workout routine is empowering.","Positive"
"The unexpected arrival of a friend is a pleasant surprise.","Positive"
"I'm indifferent to the choice of music at the party.","Neutral"
"The news of a friend's success fills me with pride. I can't believe how far they've come in their career. It's truly inspiring.","Positive"
"I'm frustrated with the constant changes at work. The management keeps implementing new policies without considering our feedback. It's making the work environment stressful.","Negative"
"Sipping herbal tea before bed is relaxing. I enjoy the calming effect it has on my mind. It's a simple yet effective bedtime ritual.","Positive"
"The constant buzzing of notifications is annoying. In today's digital age, we are constantly bombarded with alerts and messages. It's hard to find a moment of peace.","Negative"
"I'm indifferent to the latest technology trends. While some people eagerly embrace new gadgets, I prefer sticking to the devices I'm comfortable with. Change doesn't excite me much.","Neutral"
"Discovering a new favorite song is exhilarating. The joy of stumbling upon a track that resonates with your soul is incomparable. Music has a unique way of touching our emotions.","Positive"
"I'm uneasy about the uncertain future. The world is changing rapidly, and it's challenging to predict what lies ahead. Uncertainty can be both thrilling and anxiety-inducing.","Negative"
"The unexpected reunion with an old friend was heartwarming. After years of being out of touch, meeting them unexpectedly brought back a flood of memories. Friendships are timeless.","Positive"
"I'm indifferent about attending social gatherings. While some people thrive in social settings, I find them draining. I value solitude and meaningful one-on-one interactions.","Neutral"
"The unexpected power outage disrupted my evening plans. Suddenly plunged into darkness, I fumbled for candles and realized how dependent we are on electricity. It was a reminder of life's unpredictability.","Negative"
"Achieving a fitness goal gives me a sense of accomplishment. The journey from setting a goal to reaching it is filled with challenges and milestones. It's a boost to both physical and mental well-being.","Positive"
"The continuous honking in traffic is infuriating. The cacophony of horns, impatient drivers, and gridlock can test anyone's patience. Traffic jams are a common source of frustration.","Negative"
"I'm fascinated by the intricacies of human psychology. Understanding the complexities of the human mind, behavior, and emotions is a lifelong pursuit. Psychology offers insights into what makes us who we are.","Positive"
"The news of a close friend's illness is distressing. When someone we care about faces health challenges, it's a painful experience. The feeling of helplessness is overwhelming.","Negative"
"Successfully solving a challenging puzzle is satisfying. The moment when all the pieces come together, and you see the complete picture, is immensely gratifying. Puzzles are a great way to engage the mind.","Positive"
"I'm indifferent to the latest celebrity gossip. The fascination with the personal lives of celebrities doesn't interest me. I prefer focusing on more meaningful aspects of life.","Neutral"
"The serene atmosphere of the library is calming. Surrounded by books and the quiet hum of concentrated readers, the library provides a peaceful escape. It's a haven for those seeking tranquility.","Positive"
"My impromptu road trip turned into an adventure. Spontaneity often leads to the most memorable experiences. The open road, new destinations, and unexpected detours create stories to cherish.","Positive"
"Planting flowers in my garden brings me joy. The act of nurturing and witnessing the blooming colors is therapeutic. Gardens are spaces of natural beauty and personal reflection.","Positive"
"Missing the bus on a rainy day is disheartening. Waiting at the bus stop, soaked in rain, and realizing you've missed the bus can be a frustrating experience. It's a test of patience.","Negative"
"I'm neutral about attending large social gatherings. While some enjoy the energy of big events, I find them overwhelming. Balancing social interactions with personal space is crucial for me.","Neutral"
"The unexpected compliment from a stranger made my day. Random acts of kindness have a profound impact. Compliments, even from strangers, create a positive ripple effect.","Positive"
"Losing my keys in the crowded mall is frustrating. Digging through bags and pockets, retracing steps, and the sinking feeling of realizing your keys are lostâ€”frustration at its peak.","Negative"
"Completing a challenging puzzle is intellectually satisfying. Puzzles stimulate the mind, require problem-solving skills, and offer a sense of accomplishment upon completion. They are brain teasers.","Positive"
"The chaotic city streets make me feel overwhelmed. Hustle and bustle, noise, and the constant movement of people can be exhausting. Urban life comes with its share of challenges.","Negative"
"The smell of fresh bread baking is comforting. The aroma of bread filling the kitchen evokes feelings of warmth and homeliness. Simple pleasures like freshly baked bread are pure comfort.","Positive"
"I'm indifferent to the outcome of the sports game. While many are passionate about sports outcomes, I find myself uninvested. The thrill of victory or the sting of defeat doesn't affect me much.","Neutral"
"The unexpected burst of laughter with friends is delightful. Laughter shared with friends is contagious and uplifting. It's a reminder of the joy found in simple, spontaneous moments.","Positive"
"TV show was canceled and I'm disappointed. The news of a beloved TV show ending can be disheartening. It feels like saying goodbye to fictional friends and storylines that became a part of your routine.","Negative"
"Trying a new adventurous activity is invigorating. Stepping out of your comfort zone, whether it's skydiving, hiking, or trying a new sport, brings a rush of adrenaline and a sense of accomplishment.","Positive"
"My plans got canceled leaving me feeling bored. When anticipated plans fall through, it can lead to a sense of boredom. It's an opportunity to explore new interests or simply enjoy a quiet day.","Negative"
"Receiving a handwritten letter brought nostalgic happiness. In the age of digital communication, receiving a handwritten letter carries a unique charm. It's a tangible expression of thought and effort.","Positive"
"I can't stand the taste of pickles in my sandwich. Taste preferences vary, and for some, the strong flavor of pickles can be off-putting. It's a reminder of how personal food preferences can be.","Negative"
"Witnessing a beautiful sunset is awe-inspiring. The changing colors of the sky, the tranquility, and the sense of wonder as the sun sets create a breathtaking spectacle. Sunsets are nature's artwork.","Positive"
"Dealing with technical glitches is aggravating. From computer malfunctions to software issues, technical glitches can be frustrating. They disrupt productivity and test one's patience.","Negative"
"I'm indifferent about the color of my bedroom walls. While some people carefully choose room colors, I find myself indifferent. The surroundings matter less to me than the comfort of the space.","Neutral"
"Successfully baking a cake is a source of pride. The process of measuring ingredients, mixing, and witnessing the finished product is rewarding. Baking allows for creativity and culinary achievement.","Positive"
"The crowded elevator makes me feel claustrophobic. Being squeezed into a tight space with strangers can trigger feelings of discomfort. Elevator rides are often a test of personal space boundaries.","Negative"
"I'm excited about the upcoming family reunion. Family reunions bring together generations, creating moments of shared laughter and memories. Anticipation builds as relatives plan to reconnect.","Positive"
"The news of a pet adoption warms my heart. The decision to adopt a pet is heartwarming, as it provides a loving home for animals in need. The bond between humans and pets is truly special.","Positive"
"The unexpected cancellation of weekend plans is disappointing. When eagerly anticipated plans fall through unexpectedly, it can lead to disappointment. It's a reminder of life's unpredictability.","Negative"
"Completing a challenging workout leaves me energized. Physical activity releases endorphins, creating a sense of energy and accomplishment. Workouts contribute to both physical and mental well-being.","Positive"
"I'm indifferent to the genre of music playing in the background. While some people have strong music preferences, I find myself indifferent to background tunes. It's the context that matters more to me.","Neutral"
"The unexpected arrival of a package brightened my day. Receiving an unexpected package, whether a gift or an online order, brings a sense of excitement and surprise. It's a little moment of joy.","Positive"
"Dealing with a malfunctioning computer is exasperating. From frozen screens to system crashes, computer malfunctions can be exasperating. It's a reminder of our reliance on technology.","Negative"
"The smell of rain on a warm pavement is nostalgic. Rainy weather, combined with the scent of wet pavement, can evoke nostalgic memories. It's a sensory experience tied to emotions.","Positive"
"I feel indifferent about the latest smartphone features. The constant evolution of smartphone features doesn't excite me. I prioritize functionality and simplicity over the latest trends.","Neutral"
"A spontaneous road trip with friends is exhilarating. Spontaneity and the open road create opportunities for adventure and bonding. Road trips are about the journey as much as the destination.","Positive"
"The constant construction noise outside my window is irritating. Construction sounds, from drilling to hammering, can disrupt peace and concentration. It's a common source of urban irritation.","Negative"
"I'm neutral about attending a networking event. While networking can be valuable, I find myself neutral. Socializing for professional purposes depends on the context and individual preferences.","Neutral"
"Discovering a new favorite book is a pleasant surprise. The joy of getting lost in a captivating story and finding a new literary favorite is a delightful experience. Books have the power to transport.","Positive"
"The unexpected power outage disrupted my evening plans. Suddenly plunged into darkness, I fumbled for candles and realized how dependent we are on electricity. It was a reminder of life's unpredictability.","Negative"
"I'm indifferent about the choice of restaurant for dinner. When it comes to dining out, I find myself indifferent to the specific restaurant. The company and overall dining experience matter more.","Neutral"
"Successfully assembling furniture is a relief. The process of putting together furniture pieces, following instructions, and seeing the final result brings a sense of accomplishment and relief.","Positive"
"The news of a natural disaster is distressing. Learning about natural disasters, from earthquakes to hurricanes, can be distressing. It raises concerns for affected communities and the environment.","Negative"
"I feel indifferent about the current fashion trends. While fashion trends constantly change, I find myself indifferent. Personal style and comfort matter more than following the latest fads.","Neutral"
"The unexpected kindness of a stranger is heartwarming. Random acts of kindness, whether a smile or a helping hand, create a ripple effect of positivity. It's a reminder of the goodness in people.","Positive"
"My favorite team losing the game is disappointing. Sports fandom comes with the highs of victories and the lows of defeats. The emotional investment in a team makes losses disappointing.","Negative"
"The serene beauty of a mountain landscape is calming. Mountains, with their majestic presence and tranquil surroundings, create a sense of peace and connection to nature. It's a calming experience.","Positive"
"Dealing with a malfunctioning printer is frustrating. Printer malfunctions, from paper jams to connectivity issues, can be frustrating. Technological glitches in office equipment can disrupt workflow.","Negative"
"I'm indifferent to the outcome of a reality TV show. While reality shows capture the attention of many, I find myself indifferent to their outcomes. Entertainment preferences vary widely.","Neutral"
"Successfully solving a complex problem is satisfying. Whether in work or personal life, tackling complex problems and finding solutions brings a deep sense of satisfaction and accomplishment.","Positive"
"I dislike the taste of raw tomatoes in my salad. Taste preferences vary, and for some, the texture and flavor of raw tomatoes can be unappealing. It's a matter of personal taste.","Negative"
"The unexpected discovery of a hidden gem restaurant is exciting. Stumbling upon a restaurant with amazing food and a unique ambiance is an exciting and memorable experience. It's a culinary adventure.","Positive"
"I'm neutral about the latest smartphone release. The buzz around new smartphone releases doesn't sway me much. I prioritize functionality and practicality in choosing devices.","Neutral"
"A surprise visit from family is a delightful moment. The unexpected arrival of family members brings joy and warmth. It's a chance to share moments and create lasting memories.","Positive"
"The persistent noise from construction work is annoying. Continuous construction sounds, especially in residential areas, can be disruptive and annoying. It tests residents' tolerance for noise.","Negative"
"A peaceful day at the beach is rejuvenating. The sound of waves, the warmth of the sun, and the sandy shores create a serene environment. It's a rejuvenating escape from daily life.","Positive"
"Losing track of time in a captivating book is enjoyable. Getting lost in the pages of a captivating book, oblivious to the passing time, is an enjoyable and immersive experience. It's a literary journey.","Positive"
"The unexpected cancellation of weekend plans is frustrating. When anticipated weekend plans get canceled unexpectedly, it leads to frustration. It's a shift from excitement to disappointment.","Negative"
"Successfully navigating through a busy airport is a relief. Maneuvering through crowded airports, clearing security, and reaching your gate successfully bring a sense of relief and readiness for the journey.","Positive"
"I'm indifferent to the taste of coconut in desserts. While some enjoy the tropical flavor, I find myself indifferent to coconut in desserts. It's a matter of personal taste preferences.","Neutral"
"The smell of fresh rain on dry soil is invigorating. After a dry spell, the scent of rain hitting parched soil is invigorating and refreshing. It's a natural aroma that signifies renewal.","Positive"
"I'm neutral about attending a business conference. While business conferences offer networking opportunities, I find myself neutral. The relevance and value of such events depend on individual goals.","Neutral"
"Completing a challenging workout routine is empowering. Pushing through a demanding exercise routine and reaching the finish line empowers both the body and mind. It's a triumph over physical challenges.","Positive"
"The unexpected arrival of a friend is a pleasant surprise. When a friend shows up unexpectedly, it's a pleasant surprise that brings joy and spontaneity to the moment. It's a friendship highlight.","Positive"
"I'm indifferent to the choice of music at the party. While music sets the tone at parties, I find myself indifferent to specific choices. The overall atmosphere matters more than individual songs.","Neutral"
"The unexpected discovery of a new favorite song is exhilarating. Stumbling upon a song that resonates deeply and becomes a new favorite is an exhilarating and musical adventure. It's a sonic delight.","Positive"
"Adapting to change brings growth and learning. Embracing change, whether in personal or professional life, leads to growth, adaptation, and valuable lessons. It's a constant and necessary process.","Positive"
"The unexpected delay in travel plans is inconvenient. When travel plans experience unexpected delays, it leads to inconvenience and adjustments. It's a challenge in managing time and expectations.","Negative"
"Finding a handwritten note from a loved one is heartwarming. Discovering a handwritten note expressing love, appreciation, or encouragement is a heartwarming and cherished moment. It's a tangible display of affection.","Positive"
"I'm indifferent to the taste of olives in my salad. While some enjoy the briny flavor, I find myself indifferent to olives in salads. Personal taste preferences play a significant role in culinary choices.","Neutral"
"Witnessing a breathtaking sunrise is awe-inspiring. The gradual emergence of the sun, painting the sky with vibrant colors, creates an awe-inspiring and uplifting visual spectacle. It's a daily marvel of nature.","Positive"
"Coping with a sudden change in plans is challenging. When plans unexpectedly shift, adapting to the new circumstances requires resilience and flexibility. It's a test of one's ability to navigate uncertainties.","Negative"
"The unexpected gift of flowers brightened my day. Receiving a surprise bouquet of flowers, with their vibrant colors and fragrant blooms, is a gesture that brings joy and brightens the day. It's a floral delight.","Positive"
"I'm indifferent about the latest fashion trends. While fashion evolves constantly, I find myself indifferent to staying abreast of the latest trends. Personal style and comfort take precedence over fleeting fads.","Neutral"
"The unexpected success of a personal project is fulfilling. When a personal project surpasses expectations and achieves success, it brings a deep sense of fulfillment and accomplishment. It's a creative triumph.","Positive"
"I'm neutral about attending a crowded concert. While concerts offer musical experiences, I find myself neutral about navigating crowded venues. The appeal of live music competes with the discomfort of large crowds.","Neutral"
"Discovering a hidden gem in the city is exciting. Stumbling upon a hidden gem, whether it's a cozy cafe, an art gallery, or a scenic spot, is an exciting and unexpected urban adventure. It's a city exploration highlight.","Positive"
"The unexpected laughter shared with strangers is delightful. Moments of spontaneous laughter with strangers create a delightful and shared sense of joy. It's a reminder of the universal language of humor.","Positive"
"I'm indifferent to spicy food. While some savor the heat, I find myself indifferent to spicy flavors. Culinary preferences vary, and spice tolerance is a matter of individual taste.","Neutral"
"The unexpected cancellation of weekend plans is disappointing. When anticipated weekend plans get canceled unexpectedly, it leads to frustration. It's a shift from excitement to disappointment.","Negative"
"Winning the lottery would be a dream come true! The prospect of winning a lottery jackpot, with its promise of financial freedom and endless possibilities, is a dream that many cherish.","Positive"
"I spilled coffee on my laptop; it's ruined. Accidentally spilling coffee on a laptop can lead to irreversible damage and is a frustrating and costly mishap. It's a reminder to be cautious with beverages near electronics.","Negative"
"Discovering a hidden gem in the city made my day. Uncovering a hidden gem, whether it's a charming bookstore, a quaint park, or a unique store, is a delightful and unexpected urban discovery. It's a city exploration highlight.","Positive"
"I have mixed feelings about social media. While social media connects people globally, it also raises concerns about privacy and its impact on mental health. It's a platform with both positive and negative aspects.","Neutral"
"The mountain hike was both challenging and exhilarating. Embarking on a mountain hike that combines challenges with breathtaking views is both physically demanding and exhilarating. It's a test of endurance and a nature adventure.","Positive"
"My car broke down in the middle of nowhere. Experiencing a car breakdown in a remote location is a stressful and inconvenient situation. It's a reminder of the unpredictability of road trips and vehicle maintenance.","Negative"
"The feeling of accomplishment after completing a difficult task is invigorating. It's a reminder of my capabilities and perseverance.","Positive"
"Dealing with betrayal from a close friend is heart-wrenching. It shatters trust and leaves behind a lingering sense of hurt and disappointment.","Negative"
"Taking a leisurely walk in the park on a sunny day is rejuvenating. The fresh air and scenic views help clear my mind and lift my spirits.","Positive"
"Being stuck in traffic for hours is infuriating. The endless line of cars and the slow progress test my patience and frustrate me to no end.","Negative"
"I'm content with spending a quiet evening at home. Curling up with a good book or watching a movie brings me a sense of peace and relaxation.","Neutral"
"Receiving unexpected compliments from colleagues brightens my day. It boosts my confidence and reminds me that my efforts are valued.","Positive"
"The feeling of homesickness while living abroad is overwhelming. Being away from loved ones and familiar surroundings can evoke a deep sense of longing and nostalgia.","Negative"
"Exploring a new hobby brings a sense of excitement and fulfillment. It's a chance to learn new skills and expand my horizons.","Positive"
"Enduring a long and tiring commute to work every day is draining. The crowded trains and traffic jams add to the stress of the workday.","Negative"
"I'm indifferent to the latest fashion trends. While some enjoy keeping up with the latest styles, I prefer dressing in a way that feels comfortable and authentic to me.","Neutral"
"Completing a challenging workout routine leaves me feeling accomplished and empowered. It's a testament to my dedication and hard work.","Positive"
"Receiving unexpected news of a promotion at work fills me with excitement and anticipation for the future. It's a recognition of my efforts and abilities.","Positive"
"Coping with the loss of a loved one is devastating. The grief and sadness weigh heavily on my heart, making it difficult to find solace.","Negative"
"Taking a spontaneous road trip with friends brings a sense of adventure and freedom. Exploring new destinations and creating memories together is exhilarating.","Positive"
"Struggling with insomnia night after night is exhausting. The constant tossing and turning, unable to find restful sleep, takes a toll on both my physical and mental well-being.","Negative"
"Attending a family gathering and reconnecting with relatives brings warmth and joy to my heart. It's a time for laughter, stories, and creating cherished memories.","Positive"
"Facing rejection after putting in hours of effort is disheartening. It makes me question my abilities and leaves me feeling discouraged.","Negative"
"Volunteering at a local charity event fills me with a sense of purpose and fulfillment. Giving back to the community and making a positive impact on others' lives is rewarding.","Positive"
"Struggling to meet deadlines at work due to overwhelming tasks and responsibilities is stressful. The pressure to perform and deliver results can be overwhelming.","Negative"
"Spending quality time with pets provides comfort and companionship. Their unconditional love and playful antics bring happiness and alleviate stress.","Positive"
"Experiencing a setback in achieving personal goals can be disheartening. It's a reminder of the challenges and obstacles on the journey to success.","Negative"
"Indulging in my favorite comfort food on a rainy day brings warmth and satisfaction to my soul. It's a simple pleasure that brings joy amidst gloomy weather.","Positive"
"Feeling overwhelmed by the demands of daily life and responsibilities is draining. It leaves me feeling exhausted and mentally fatigued.","Negative"
"Reconnecting with an old friend after years of lost contact fills me with nostalgia and happiness. It's a reminder of cherished memories and shared experiences.","Positive"
"Dealing with a sudden illness or injury can be frightening and unsettling. It disrupts daily routines and requires physical and emotional strength to overcome.","Negative"
"Embarking on a solo travel adventure allows me to discover new cultures and landscapes. It's a journey of self-discovery and personal growth.","Positive"
"Struggling with self-doubt and insecurities is a constant battle. It hinders personal growth and undermines confidence.","Negative"
"Attending a live music concert and immersing myself in the electrifying atmosphere fills me with excitement and euphoria. It's a memorable experience.","Positive"
"Experiencing a natural disaster or unexpected crisis can be traumatic and overwhelming. It disrupts lives and communities, leaving behind a trail of destruction.","Negative"
"Taking time to practice mindfulness and meditation helps center my thoughts and reduce stress. It's a valuable tool for promoting mental well-being and inner peace.","Positive"
"Facing rejection in relationships or friendships can be painful and difficult to accept. It triggers feelings of loneliness and self-doubt.","Negative"
"Completing a creative project and seeing it come to life fills me with a sense of accomplishment and pride. It's a reflection of my creativity and dedication.","Positive"
"Feeling overwhelmed by financial struggles and debt is stressful. It creates uncertainty about the future and limits opportunities for growth.","Negative"
"Surrounding myself with nature and enjoying the beauty of the outdoors brings tranquility and peace to my soul. It's a reminder of the wonders of the natural world.","Positive"
"Struggling with work-life balance and feeling burnt out from constant demands is draining. It affects both physical and mental well-being.","Negative"
"Participating in a community service project and making a positive impact on the lives of others fills me with a sense of fulfillment and purpose. It's a rewarding experience.","Positive"
"Experiencing a setback or failure in achieving personal goals can be discouraging. It requires resilience and determination to overcome challenges.","Negative"
"Indulging in my favorite hobby, whether it's painting, cooking, or gardening, brings joy and relaxation. It's a creative outlet that allows me to express myself.","Positive"
"Feeling overwhelmed by the pressures of academic or professional expectations is stressful. It creates anxiety and uncertainty about the future.","Negative"
"Attending a family celebration or milestone event brings joy and happiness. It's a time for love, laughter, and creating lasting memories with loved ones.","Positive"
"Struggling with feelings of loneliness and isolation can be debilitating. It creates a sense of emptiness and longing for connection.","Negative"
"Setting aside time for self-care and relaxation is essential for maintaining overall well-being. It allows me to recharge and rejuvenate.","Positive"
"Dealing with a difficult breakup or romantic rejection can be emotionally draining. It triggers feelings of sadness, grief, and self-doubt.","Negative"
"Achieving a personal milestone or reaching a long-term goal brings a sense of pride and accomplishment. It's a reflection of hard work and determination.","Positive"
"Feeling overwhelmed by the responsibilities of caregiving for a loved one is exhausting. It requires patience, compassion, and sacrifice.","Negative"
"Taking a spontaneous day trip to explore new destinations and attractions fills me with excitement and anticipation. It's a chance to create new memories and experiences.","Positive"
"Struggling with feelings of anxiety and panic attacks can be debilitating. It creates a sense of fear and unease in everyday situations.","Negative"
"Volunteering at a local animal shelter and helping animals in need brings joy and fulfillment. It's a rewarding experience that makes a positive impact on the lives of animals.","Positive"
"Dealing with workplace conflicts and office politics is stressful. It creates tension and disrupts productivity and teamwork.","Negative"
"Spending quality time with loved ones, whether it's family or friends, brings happiness and strengthens bonds. It's a reminder of the importance of relationships.","Positive"
"Experiencing a setback or failure in achieving career goals can be disheartening. It requires resilience and perseverance to bounce back and pursue new opportunities.","Negative"
"I had a really productive day at work today! Got a lot done and feeling accomplished.","Positive"
"Feeling a bit overwhelmed with all the tasks piling up. Stress levels are high.","Negative"
"Just finished a great workout session at the gym. Feeling energized and ready to take on the day!","Positive"
"Ugh, stuck in traffic again. This commute is getting unbearable.","Negative"
"Didn't sleep well last night. Feeling groggy and tired this morning.","Negative"
"Excited about the weekend plans! Going hiking with friends.","Positive"
"Feeling anxious about the upcoming presentation. Hope it goes well!","Negative"
"Watched a hilarious comedy show last night. Laughed so hard, my stomach hurts!","Positive"
"Lost my wallet today. Feeling frustrated and stressed.","Negative"
"Just got a surprise visit from an old friend. So happy to catch up!","Positive"
"Feeling a bit under the weather today. Hopefully, it's just a minor cold.","Negative"
"Spent the day reading my favorite book. Nothing beats a good story!","Positive"
"Got into a disagreement with a coworker. Feeling tense and uneasy.","Negative"
"Enjoyed a delicious meal at my favorite restaurant. Food always lifts my spirits!","Positive"
"Feeling lonely tonight. Wish I had someone to talk to.","Negative"
"Finished a DIY project I've been working on. Proud of how it turned out!","Positive"
"Feeling overwhelmed with all the deadlines approaching. Need to stay focused!","Negative"
"Spent the day at the beach soaking up the sun. Feeling relaxed and rejuvenated!","Positive"
"Had a bad day at work today. Nothing seemed to go right.","Negative"
"Received a heartfelt thank-you note from a friend. Made my day!","Positive"
"Feeling stressed about the upcoming exams. Need to buckle down and study!","Negative"
"Spent the evening baking cookies with my family. Love these bonding moments!","Positive"
"Feeling disappointed after getting rejected from the job interview.","Negative"
"Just finished a challenging workout. Feeling strong and accomplished!","Positive"
"Received some exciting news today! Can't wait to share it with everyone.","Positive"
"Feeling anxious about the big presentation tomorrow. Hope it goes smoothly!","Negative"
"Spent the afternoon volunteering at the local shelter. Heart feels full!","Positive"
"Feeling exhausted after a long day of meetings. Need some rest.","Negative"
"Spent the day exploring a new city. Had a blast discovering new places!","Positive"
"Feeling down after hearing some bad news.","Negative"
"Received a surprise gift from a friend. Made my day!","Positive"
"Feeling overwhelmed with all the responsibilities piling up.","Negative"
"Just finished a great workout. Feeling strong and empowered!","Positive"
"Feeling nervous about the job interview tomorrow.","Negative"
"Spent the day with family. Cherishing these moments together!","Positive"
"Feeling stressed about the upcoming deadline.","Negative"
"Just got promoted at work! Celebrating tonight!","Positive"
"Feeling disappointed after failing the exam.","Negative"
"Spent the day hiking in the mountains. Feeling refreshed and invigorated!","Positive"
"Feeling frustrated after a long day of setbacks.","Negative"
"Received a compliment from a stranger today. Made me smile!","Positive"
"Feeling overwhelmed with all the work piling up.","Negative"
"Just finished a great workout. Feeling accomplished!","Positive"
"Feeling anxious about the future.","Negative"
"Spent the day volunteering at the animal shelter. Heart is full!","Positive"
"Feeling exhausted after a busy day.","Negative"
"Hey there! Just wanted to share that I'm feeling really good and energetic today!","Positive"
"Hi! Feeling a bit down today. Can your app help cheer me up?","Negative"
"Hey! Just finished a fantastic workout. Feeling pumped and ready to conquer the day!","Positive"
"Hello! Another rainy day here. Feeling a bit gloomy.","Negative"
"Hey, webapp! Feeling super excited about the upcoming vacation. Can't wait to relax on the beach!","Positive"
"Hi there! Stuck in traffic again. Feeling a bit frustrated.","Negative"
"Hello, webapp! Had an amazing day exploring the city. Feeling adventurous and alive!","Positive"
"Hey! Got some bad news today. Feeling pretty upset.","Negative"
"Hi! Just wanted to say that I'm feeling really grateful and content right now.","Positive"
"Hey, webapp! Feeling a bit anxious about the job interview tomorrow. Any words of encouragement?","Negative"
"Hello! Just finished a delicious meal. Feeling satisfied and content!","Positive"
"Hi there! Feeling a bit overwhelmed with all the tasks on my to-do list today.","Negative"
"Hey, webapp! Just wanted to share that I'm feeling really inspired and motivated right now!","Positive"
"Hi! Feeling a bit under the weather today. Any tips to help me feel better?","Negative"
"Hey! Just had a great conversation with a friend. Feeling uplifted and happy!","Positive"
"Hello, webapp! Feeling a bit stressed about the upcoming deadlines.","Negative"
"Hey there! Feeling really proud of myself for accomplishing a personal goal today!","Positive"
"Hi! Feeling a bit disappointed after getting some bad feedback at work.","Negative"
"Hey, webapp! Just wanted to say that I'm feeling really optimistic about the future!","Positive"
"Hello! Feeling a bit lonely today. Any suggestions for things to do to lift my spirits?","Negative"
"Hey! Just finished a fantastic book. Feeling inspired and motivated!","Positive"
"Hi there! Feeling a bit frustrated with technology today. Everything seems to be glitching!","Negative"
"Hey, webapp! Just wanted to share that I'm feeling really excited about the new project I'm working on!","Positive"
"Hello! Feeling a bit tired and drained after a long day at work.","Negative"
"Hey! Just wanted to say that I'm feeling really thankful for all the good things in my life right now!","Positive"
"Hi there! Feeling a bit nervous about the big presentation tomorrow.","Negative"
"Hey, webapp! Just finished a fantastic workout. Feeling strong and empowered!","Positive"
"Hello! Feeling a bit overwhelmed with all the decisions I have to make.","Negative"
"Hey! Just wanted to share that I'm feeling really happy and content right now!","Positive"
"Hi there! Feeling a bit stressed about the upcoming exams.","Negative"
"I'm feeling great today! The sun is shining, and I'm ready to tackle the day.","Positive"
"Hey, webapp! Just wanted to share some good news. I got a promotion at work!","Positive"
"Hi there! I had an amazing time with friends last night. Laughter truly is the best medicine!","Positive"
"Hello! I'm feeling grateful for the little things in life. Sometimes, it's the small joys that matter the most.","Positive"
"Hey! I just finished reading an inspiring book. It's incredible how words have the power to uplift and motivate.","Positive"
"Hi! I'm feeling proud of myself for accomplishing a personal goal. Hard work pays off!","Positive"
"Hello! I'm feeling excited about starting a new project. The possibilities are endless!","Positive"
"Hey, webapp! I'm feeling energized after a refreshing workout. Exercise does wonders for the mind and body!","Positive"
"Hi there! I'm feeling optimistic about the future. There are endless opportunities waiting to be explored!","Positive"
"Hello! I'm feeling joyful today. Sometimes, all it takes is a smile to brighten someone's day!","Positive"
"I'm feeling great today! The sun is shining, and I'm ready to tackle the day.","Positive"
"Hey, webapp! Just wanted to share some good news. I got a promotion at work!","Positive"
"Hi there! I had an amazing time with friends last night. Laughter truly is the best medicine!","Positive"
"Hello! I'm feeling grateful for the little things in life. Sometimes, it's the small joys that matter the most.","Positive"
"Hey! I just finished reading an inspiring book. It's incredible how words have the power to uplift and motivate.","Positive"
"Hi! I'm feeling proud of myself for accomplishing a personal goal. Hard work pays off!","Positive"
"Hello! I'm feeling excited about starting a new project. The possibilities are endless!","Positive"
"Hey, webapp! I'm feeling energized after a refreshing workout. Exercise does wonders for the mind and body!","Positive"
"Hi there! I'm feeling optimistic about the future. There are endless opportunities waiting to be explored!","Positive"
"Hello! I'm feeling joyful today. Sometimes, all it takes is a smile to brighten someone's day!","Positive"
"I'm feeling neutral today. Neither happy nor sad, just going with the flow.","Neutral"
"Hey, webapp. I'm feeling indifferent about the latest trends. It's like they come and go.","Neutral"
"Hi there. I'm feeling neutral about the weather today. It's neither too hot nor too cold.","Neutral"
"Hello. I'm feeling neutral about upcoming plans. It's like I'm just along for the ride.","Neutral"
"Hey. I'm feeling indifferent about politics. It's like a never-ending debate.","Neutral"
"Hi. I'm feeling neutral about my schedule today. It's like any other day.","Neutral"
"Hello. I'm feeling indifferent about social media. It's like a sea of information.","Neutral"
"Hey, webapp. I'm feeling neutral about the latest movie releases. It's like I've seen it all before.","Neutral"
"Hi there. I'm feeling indifferent about my wardrobe choices today. It's like I'm in autopilot mode.","Neutral"
"Hello. I'm feeling neutral about my workload. It's like I'm just going through the motions.","Neutral"
"Hey there! I had a rough start to the day, but things are looking up now.","Neutral"
"Hi! I'm feeling a bit anxious about an upcoming presentation, but I'm trying to stay positive.","Mixed"
"Hello! I just received some exciting news that lifted my spirits.","Positive"
"Hey, webapp. I'm feeling a bit overwhelmed with work, but I'm determined to push through.","Mixed"
"Hi there. I had a frustrating commute this morning, but I'm glad to be here now.","Mixed"
"Hello. I'm feeling a sense of calm after practicing some meditation.","Positive"
"Hey. I'm feeling a bit lonely today, but I'm reaching out to friends for support.","Negative"
"Hi. I'm feeling grateful for the little moments of joy that brighten my day.","Positive"
"Hello. I'm feeling a mix of emotions todayâ€”excited about an upcoming event but also a bit nervous.","Mixed"
"Hey, webapp. I'm feeling a sense of accomplishment after completing a challenging task.","Positive"
"Hi there. I'm feeling a bit under the weather, but I'm taking it easy and resting up.","Negative"
"Hello. I'm feeling inspired after listening to a motivational podcast.","Positive"
"Hey. I'm feeling a bit overwhelmed with responsibilities, but I'm trying to prioritize and stay organized.","Mixed"
"Hi. I'm feeling a sense of peace after spending time in nature.","Positive"
"Hello. I'm feeling a mix of exhaustion and satisfaction after a long day of work.","Mixed"
"Hey, webapp. I'm feeling disappointed about a recent setback, but I'm determined to bounce back.","Mixed"
"Hi there. I'm feeling a surge of creativity after brainstorming some new ideas.","Positive"
"Hello. I'm feeling a bit nostalgic thinking about old memories.","Neutral"
"Hey. I'm feeling a mix of excitement and nervousness about an upcoming trip.","Mixed"
"Hi. I'm feeling grateful for the support of friends and family during challenging times.","Positive"
"I'm feeling a bit overwhelmed with work right now.","Mixed"
"I just received some exciting news that lifted my spirits.","Positive"
"I had a rough start to the day, but things are looking up now.","Neutral"
"I'm feeling a sense of calm after practicing some meditation.","Positive"
"I'm feeling grateful for the little moments of joy that brighten my day.","Positive"
"I'm feeling inspired after listening to a motivational podcast.","Positive"
"I'm feeling a sense of accomplishment after completing a challenging task.","Positive"
"I'm feeling a bit under the weather, but I'm taking it easy and resting up.","Negative"
"I'm feeling a mix of emotions todayâ€”excited about an upcoming event but also a bit nervous.","Mixed"
"I'm feeling a bit overwhelmed with responsibilities, but I'm trying to prioritize and stay organized.","Mixed"
"I'm feeling a surge of creativity after brainstorming some new ideas.","Positive"
"I'm feeling disappointed about a recent setback, but I'm determined to bounce back.","Mixed"
"I'm feeling a bit nostalgic thinking about old memories.","Neutral"
"I'm feeling a mix of excitement and nervousness about an upcoming trip.","Mixed"
"I'm feeling grateful for the support of friends and family during challenging times.","Positive"
"I'm feeling exhausted after a long day, but I'm proud of what I accomplished.","Mixed"
"I'm feeling restless and can't seem to focus on anything.","Mixed"
"I'm feeling anxious about an upcoming deadline, but I'm trying to stay calm and focused.","Mixed"
"I'm feeling a sense of relief after finishing a big project.","Positive"
"I'm feeling bored and don't know what to do with myself.","Negative"
"I'm feeling a bit lonely, but I'm reaching out to friends for company.","Negative"
"I'm feeling excited about a new opportunity that came my way.","Positive"
"I'm feeling overwhelmed with emotions right now.","Mixed"
"I'm feeling nostalgic as I look through old photos.","Neutral"
"I'm feeling stressed about an upcoming exam, but I'm studying hard.","Mixed"
"I'm feeling a sense of accomplishment after completing a difficult workout.","Positive"
"I'm feeling a bit down today, but I'm trying to stay positive.","Mixed"
"I'm feeling energized after a good night's sleep.","Positive"
"I'm feeling a bit lost and uncertain about the future.","Negative"
"I'm feeling proud of myself for overcoming a challenge.","Positive"
"I'm feeling frustrated with myself for making a mistake.","Negative"
"I'm feeling excited about starting a new project.","Positive"
"I'm feeling anxious about an upcoming presentation.","Negative"
"I'm feeling grateful for the support of my friends.","Positive"
"I'm feeling overwhelmed with gratitude for the little things in life.","Positive"
"I'm feeling hopeful about the future despite the challenges.","Positive"
"I'm feeling tired and just want to relax.","Negative"
"I'm feeling a sense of peace and tranquility.","Positive"
"I'm feeling stressed out and don't know how to unwind.","Negative"
"I'm feeling excited about a new opportunity.","Positive"
"I'm feeling nervous about meeting new people.","Negative"
"I'm feeling excited about the possibilities that lie ahead.","Positive"
"I'm feeling overwhelmed by all the tasks on my to-do list.","Negative"
"I'm feeling happy and content with where I am in life.","Positive"
"I'm feeling disappointed in myself for not reaching my goals.","Negative"
"I'm feeling motivated to make positive changes in my life.","Positive"
"I'm feeling anxious about an upcoming event.","Negative"
"I'm feeling grateful for the support of my loved ones.","Positive"
"I'm feeling a mix of emotions todayâ€”happy, sad, and everything in between.","Mixed"
"I'm feeling bored and restless.","Negative"
"I'm feeling excited about the future.","Positive"
sentence,mood
"The smell of freshly baked cookies is comforting.","Positive"
"I'm feeling a mix of excitement and nervousness about an upcoming interview.","Mixed"
"Getting caught in the rain without an umbrella is frustrating.","Negative"
"I'm feeling a sense of peace while watching the sunset.","Positive"
"Trying a new cuisine for the first time is exciting.","Positive"
"Dealing with a malfunctioning computer is irritating.","Negative"
"I'm feeling proud of myself for completing a DIY project.","Positive"
"I'm indifferent to the taste of olives in salads.","Neutral"
"The sound of birds chirping outside my window is soothing.","Positive"
"I'm feeling overwhelmed by the amount of homework I have to do.","Negative"
"Receiving a compliment from a stranger brightens my day.","Positive"
"I'm feeling a sense of anticipation about an upcoming trip.","Positive"
"The feeling of sand between my toes at the beach is invigorating.","Positive"
"Waiting in line for hours at the DMV is exhausting.","Negative"
"I'm indifferent to the idea of skydiving.","Neutral"
"The smell of coffee brewing in the morning is invigorating.","Positive"
"I'm feeling conflicted about a decision I have to make.","Mixed"
"Getting a good night's sleep is essential for my well-being.","Positive"
"I'm feeling frustrated with myself for procrastinating.","Negative"
"Attending a live concert is exhilarating.","Positive"
"I'm feeling a sense of pride after completing a difficult puzzle.","Positive"
"The feeling of warmth from a cozy fireplace is comforting.","Positive"
"I'm indifferent to the taste of mushrooms in pasta.","Neutral"
"The feeling of stepping on a Lego in the dark is painful.","Negative"
"I'm feeling excited about starting a new hobby.","Positive"
"Being stuck in rush hour traffic is stressful.","Negative"
"I'm indifferent to the idea of bungee jumping.","Neutral"
"The feeling of nostalgia while looking through old photographs is bittersweet.","Mixed"
"Receiving unexpected flowers from a loved one brightens my day.","Positive"
"I'm feeling a sense of serenity while walking through a forest.","Positive"
"The feeling of sand slipping through my fingers at the beach is relaxing.","Positive"
"I'm indifferent to the taste of cilantro in salsa.","Neutral"
"The feeling of anticipation before opening a gift is exciting.","Positive"
"I'm feeling annoyed by the sound of construction outside my window.","Negative"
"Going for a leisurely bike ride on a sunny day is refreshing.","Positive"
"I'm feeling indifferent about attending a family gathering.","Neutral"
"The feeling of accomplishment after a productive day is satisfying.","Positive"
"I'm feeling overwhelmed by the number of emails in my inbox.","Negative"
"Attending a friend's wedding is heartwarming.","Positive"
"I'm feeling indifferent to the idea of going camping.","Neutral"
"The feeling of relaxation after a long bath is rejuvenating.","Positive"
"I'm feeling frustrated with myself for forgetting important dates.","Negative"
"Spending time with loved ones is priceless.","Positive"
"I'm feeling indifferent about trying a new restaurant.","Neutral"
"The feeling of excitement before a vacation is palpable.","Positive"
"I'm feeling annoyed by the sound of a dripping faucet.","Negative"
"Taking a walk in nature is therapeutic.","Positive"
"I'm feeling indifferent about the idea of going to a theme park.","Neutral"
"The feeling of disappointment after a failed experiment is disheartening.","Negative"
"Seeing a rainbow after a storm is awe-inspiring.","Positive"
"Feeling excited about a new opportunity at work.","Positive"
"I'm feeling indifferent about the outcome of the game.","Neutral"
"The feeling of accomplishment after finishing a challenging project is rewarding.","Positive"
"Getting caught in the rain without an umbrella is inconvenient.","Negative"
"I'm feeling nervous about giving a presentation.","Negative"
"Indulging in a favorite dessert is a treat.","Positive"
"I'm feeling overwhelmed by the amount of work I have to do.","Negative"
"The feeling of sunshine on my face is invigorating.","Positive"
"I'm feeling indifferent about the prospect of public speaking.","Neutral"
"The feeling of relief after a long day is soothing.","Positive"
"Dealing with a rude customer is frustrating.","Negative"
"Exploring a new city is exciting.","Positive"
"I'm feeling indifferent about attending a networking event.","Neutral"
"The feeling of laughter with friends is priceless.","Positive"
"Receiving a heartfelt compliment is uplifting.","Positive"
"I'm feeling overwhelmed by the demands of everyday life.","Negative"
"Watching a favorite movie is comforting.","Positive"
"I'm feeling indifferent about the taste of sushi.","Neutral"
"The feeling of accomplishment after a workout is empowering.","Positive"
"Dealing with rush hour traffic is stressful.","Negative"
"I'm feeling indifferent about the idea of going skydiving.","Neutral"
"The feeling of anticipation before a trip is thrilling.","Positive"
"Receiving unexpected news can be unsettling.","Negative"
"I'm feeling indifferent about the prospect of trying a new sport.","Neutral"
"The feeling of gratitude towards a friend is heartwarming.","Positive"
"Dealing with a difficult coworker is challenging.","Negative"
"I'm feeling indifferent about the taste of seafood.","Neutral"
"The feeling of joy when reuniting with a loved one is overwhelming.","Positive"
"Experiencing a setback can be disheartening.","Negative"
"I'm feeling indifferent about attending a family gathering.","Neutral"
"The feeling of serenity in nature is calming.","Positive"
"Dealing with a noisy neighbor is annoying.","Negative"
"I'm feeling indifferent about the taste of spicy food.","Neutral"
"The feeling of contentment after a good meal is satisfying.","Positive"
"Receiving unexpected assistance is reassuring.","Positive"
"I'm feeling indifferent about the idea of going on a road trip.","Neutral"
"The feeling of excitement before a concert is electrifying.","Positive"
"Dealing with a long commute is tiring.","Negative"
"I'm feeling indifferent about the taste of coffee.","Neutral"
"The feeling of pride after a job well done is gratifying.","Positive"
"Facing a difficult decision can be stressful.","Negative"
"I'm feeling indifferent about attending a wedding.","Neutral"
"The feeling of wonder while stargazing is enchanting.","Positive"
"Experiencing a delay in travel plans is frustrating.","Negative"
"I'm feeling indifferent about the taste of mushrooms.","Neutral"
"The feeling of relief after a tough conversation is liberating.","Positive"
"Dealing with a broken appliance is frustrating.","Negative"
"I'm feeling indifferent about the idea of going hiking.","Neutral"
"The feeling of satisfaction after completing a puzzle is fulfilling.","Positive"
"Receiving unexpected kindness from a stranger is heartwarming.","Positive"
"I'm feeling indifferent about the taste of pickles.","Neutral"
"The feeling of joy when receiving a thoughtful gift is heartwarming.","Positive"
"Dealing with a computer virus is stressful.","Negative"
"I'm feeling indifferent about attending a concert.","Neutral"
"The feeling of accomplishment after a successful project is rewarding.","Positive"
"Facing rejection can be discouraging.","Negative"
"I'm feeling indifferent about the taste of pineapple.","Neutral"
"The feeling of excitement before a vacation is contagious.","Positive"
"Dealing with a noisy environment is irritating.","Negative"
"I'm feeling indifferent about the idea of going camping.","Neutral"
"The feeling of relaxation after a long day is rejuvenating.","Positive"
"Dealing with a difficult customer service experience is frustrating.","Negative"
"I'm feeling indifferent about the taste of chocolate.","Neutral"
"The feeling of satisfaction after a workout is empowering.","Positive"
"Receiving unexpected praise is encouraging.","Positive"
"I'm feeling indifferent about the idea of going to a museum.","Neutral"
"The feeling of pride in a loved one's success is heartwarming.","Positive"
"Dealing with a sudden change in plans is stressful.","Negative"
"I'm feeling indifferent about the taste of strawberries.","Neutral"
"The feeling of joy when petting a dog is uplifting.","Positive"
"Dealing with a malfunctioning device is frustrating.","Negative"
"I'm feeling indifferent about attending a sports game.","Neutral"
"The feeling of contentment after a good night's sleep is refreshing.","Positive"
"Facing a challenging situation can be overwhelming.","Negative"
"I'm feeling indifferent about the taste of tomatoes.","Neutral"
"The feeling of excitement before a party is infectious.","Positive"
"Dealing with a traffic jam is aggravating.","Negative"
"I'm feeling indifferent about attending a movie premiere.","Neutral"
"The feeling of gratitude towards a kind gesture is heartwarming.","Positive"
"Dealing with a noisy neighbor is annoying.","Negative"
"I'm feeling indifferent about the taste of cucumbers.","Neutral"
"The feeling of satisfaction after a job well done is fulfilling.","Positive"
"Receiving unexpected assistance is reassuring.","Positive"
"I'm feeling indifferent about the idea of going on a road trip.","Neutral"
"The feeling of excitement before a concert is electrifying.","Positive"
"Dealing with a long commute is tiring.","Negative"
"I'm feeling indifferent about the taste of coffee.","Neutral"
"The feeling of pride after a job well done is gratifying.","Positive"
"Facing a difficult decision can be stressful.","Negative"
"I'm feeling indifferent about attending a wedding.","Neutral"
"The feeling of wonder while stargazing is enchanting.","Positive"
"Experiencing a delay in travel plans is frustrating.","Negative"
"I'm feeling indifferent about the taste of mushrooms.","Neutral"
"The feeling of relief after a tough conversation is liberating.","Positive"
"Dealing with a broken appliance is frustrating.","Negative"
"I'm feeling indifferent about the idea of going hiking.","Neutral"
"The feeling of satisfaction after completing a puzzle is fulfilling.","Positive"
"Receiving unexpected kindness from a stranger is heartwarming.","Positive"
"I'm feeling indifferent about the taste of pickles.","Neutral"
"The feeling of joy when receiving a thoughtful gift is heartwarming.","Positive"
"Dealing with a computer virus is stressful.","Negative"
"I'm feeling indifferent about attending a concert.","Neutral"
"The feeling of accomplishment after a successful project is rewarding.","Positive"
"Facing rejection can be discouraging.","Negative"
"I'm feeling indifferent about the taste of pineapple.","Neutral"
"The feeling of excitement before a vacation is contagious.","Positive"
"Dealing with a noisy environment is irritating.","Negative"
"I'm feeling indifferent about the idea of going camping.","Neutral"
"The feeling of relaxation after a long day is rejuvenating.","Positive"
"Dealing with a difficult customer service experience is frustrating.","Negative"
"I'm feeling indifferent about the taste of chocolate.","Neutral"
"The feeling of satisfaction after a workout is empowering.","Positive"
"Receiving unexpected praise is encouraging.","Positive"
"I'm feeling indifferent about the idea of going to a museum.","Neutral"
"The feeling of pride in a loved one's success is heartwarming.","Positive"
"Dealing with a sudden change in plans is stressful.","Negative"
"I'm feeling indifferent about the taste of strawberries.","Neutral"
"The feeling of joy when petting a dog is uplifting.","Positive"
"Dealing with a malfunctioning device is frustrating.","Negative"
"I'm feeling indifferent about attending a sports game.","Neutral"
"The feeling of contentment after a good night's sleep is refreshing.","Positive"
"Facing a challenging situation can be overwhelming.","Negative"
"I'm feeling indifferent about the taste of tomatoes.","Neutral"
"The feeling of excitement before a party is infectious.","Positive"
"Dealing with a traffic jam is aggravating.","Negative"
"I'm feeling indifferent about attending a movie premiere.","Neutral"
"The feeling of gratitude towards a kind gesture is heartwarming.","Positive"
"Receiving unexpected news can be unsettling.","Negative"
"I'm feeling indifferent about the taste of olives.","Neutral"
"The feeling of accomplishment after completing a DIY project is satisfying.","Positive"
"Dealing with a difficult colleague can be challenging.","Negative"
"I'm feeling indifferent about attending a lecture.","Neutral"
"The feeling of excitement before a big event is exhilarating.","Positive"
"Facing a setback with resilience is admirable.","Positive"
"I'm feeling indifferent about the taste of licorice.","Neutral"
"The feeling of relaxation during a spa day is rejuvenating.","Positive"
"Dealing with a long wait at the doctor's office is frustrating.","Negative"
"I'm feeling indifferent about attending a book club meeting.","Neutral"
"The feeling of satisfaction after a home-cooked meal is comforting.","Positive"
"Receiving unexpected help from a stranger is heartwarming.","Positive"
"I'm feeling indifferent about the taste of anchovies.","Neutral"
"The feeling of accomplishment after a challenging workout is empowering.","Positive"
"Dealing with a delayed flight is stressful.","Negative"
"I'm feeling indifferent about attending a cooking class.","Neutral"
"The feeling of contentment after a long walk in nature is peaceful.","Positive"
"Dealing with a difficult situation requires patience.","Negative"
"I'm feeling indifferent about the taste of tofu.","Neutral"
"The feeling of joy when playing with a pet is heartwarming.","Positive"
"Experiencing a setback can be disappointing.","Negative"
"I'm feeling indifferent about attending a theater performance.","Neutral"
"The feeling of excitement before a new adventure is invigorating.","Positive"
"Dealing with a power outage is inconvenient.","Negative"
"I'm feeling indifferent about the taste of durian.","Neutral"
"The feeling of satisfaction after completing a challenging puzzle is rewarding.","Positive"
"Receiving unexpected compliments can brighten one's day.","Positive"
"I'm feeling indifferent about attending a wine tasting event.","Neutral"
"The feeling of serenity in a quiet library is calming.","Positive"
"Dealing with a broken appliance can be frustrating.","Negative"
"I'm feeling indifferent about the taste of liver.","Neutral"
"The feeling of accomplishment after a productive day is fulfilling.","Positive"
"Dealing with a difficult boss is challenging.","Negative"
"I'm feeling indifferent about attending a dance class.","Neutral"
"The feeling of excitement before a new project is motivating.","Positive"
"Dealing with a leaky faucet is annoying.","Negative"
"I'm feeling indifferent about the taste of grapefruit.","Neutral"
"The feeling of contentment after a warm shower is relaxing.","Positive"
"Dealing with a loud neighbor is irritating.","Negative"
"I'm feeling indifferent about attending a yoga class.","Neutral"
"The feeling of joy when seeing a rainbow is uplifting.","Positive"
"Dealing with a flat tire on the way to work is frustrating.","Negative"
"I'm feeling indifferent about the taste of oysters.","Neutral"
"The feeling of satisfaction after a productive meeting is rewarding.","Positive"
"Dealing with a computer virus is stressful.","Negative"
"I'm feeling indifferent about attending a painting class.","Neutral"
"The feeling of excitement before a vacation is contagious.","Positive"
"Dealing with a noisy environment is distracting.","Negative"
"I'm feeling indifferent about the taste of cilantro.","Neutral"
"The feeling of relief after completing a difficult task is satisfying.","Positive"
"Dealing with a difficult customer service experience is frustrating.","Negative"

